QUERY;Página
Não;https://santander.com.br/cc-unique-black
Sim;https://santander.com.br/atendimento-para-voce/telefones-santander
Não;https://santander.com.br/cc-aa-gold
Não;https://santander.com.br/gestao-de-risco-financeiro/termo-de-moedas
Não;https://santander.com.br/gestao-de-risco-financeiro/opcoes
Não;https://santander.com.br/investimentos-e-previdencia/informacoes-de-investimentos/documentos-legais
Não;https://santander.com.br/gestao-de-risco-financeiro/swaps
Não;https://santander.com.br/conta-corrente-pessoa-fisica/informacoes/sistema-de-informacao
Não;https://santander.com.br/conta-corrente-pessoa-fisica/informacoes/cadastro-positivo
Não;https://www.santander.com.br/conta-corrente-pessoa-fisica
Não;https://santander.com.br/inves-tabelas-rent-fundos
Não;https://santander.com.br/seguros/para-emprestimo/seguro-limite-da-conta-protegido
Não;https://santander.com.br/seguros/para-emprestimo/seguro-parcelamento-cartoes
Não;https://santander.com.br/seguros/para-emprestimo/seguro-consorcio-protecao-premiada
Não;https://santander.com.br/atendimento-para-voce/validacao-holerite-forcas-armadas
Não;https://santander.com.br/atendimento-para-voce/simuladores/simulador-credito-pessoal-com-imovel-como-garantia
Não;https://santander.com.br/atendimento-para-voce/boletos/boleto-santander-financiamentos
Não;https://santander.com.br/atendimento-para-voce/simuladores/simulador-credito-imobiliario
Não;https://santander.com.br/atendimento-para-voce/simuladores/simulador-previdencia
Não;https://santander.com.br/cartoes-santander/solucoes-de-pagamento/crediario
Não;https://santander.com.br/atendimento-para-voce/acesso-nao-correntista
Não;https://santander.com.br/seguro-empresarial/seguro-patrimonial
Não;https://santander.com.br/atendimento-para-voce/boletos
Não;https://santander.com.br/analise-economica/apresentacao-semanal
Não;https://santander.com.br/atendimento-para-voce/internet-banking
Não;https://santander.com.br/analise-economica/latam-cee-fixed-income-economics-daily
Não;https://santander.com.br/cartoes-santander/santander-pass
Não;https://santander.com.br/seguro-empresarial/para-funcionario/seguro-protecao-vida-em-grupo
Não;https://santander.com.br/conversa-credito-planos-pessoais-taxas
Não;https://santander.com.br/conversa-credito-planos-folego
Não;https://santander.com.br/conversa-credito-planos-pessoais-restituicao
Não;https://santander.com.br/conversa-credito-planos-pessoais-dinheiro
Não;https://santander.com.br/atendimento-para-voce/fale-com-o-santander
Não;https://santander.com.br/atendimento-para-voce/banco-24-horas-e-caixas-eletronicos
Não;https://santander.com.br/atendimento-para-voce/atendimento-private
Não;https://santander.com.br/comercio-exterior-e-cambio/exportacao/adiantamento-sobre-cambiais-e-contratos
Não;https://santander.com.br/atendimento-para-voce/telefones-santander/ouvidoria
Não;https://santander.com.br/seguro-empresarial/para-funcionario/seguro-vida-empresa
Não;https://santander.com.br/seguro-empresarial/seguro-vida-socio
Não;https://santander.com.br/comercio-exterior-e-cambio/exportacao/compra-de-recebiveis-de-exportacao
Não;https://santander.com.br/analise-economica
Não;https://santander.com.br/institucional-santander/seguranca/sobre-o-uso-de-cookies
Não;https://santander.com.br/investimentos-e-previdencia/informacoes-de-investimentos/ofertas-de-fundos-especial
Não;https://santander.com.br/analise-economica/economic-research-our-team
Não;https://santander.com.br/institucional-santander/trabalhe-conosco
Não;https://santander.com.br/institucional-santander/seguranca/denuncias-e-fraudes
Não;https://santander.com.br/institucional-santander/trabalhe-conosco/programa-de-mobilidade
Não;https://santander.com.br/santander-corporate
Não;https://santander.com.br/institucional-santander/trabalhe-conosco/estagiario
Não;https://santander.com.br/institucional-santander/welcome-to-brazil
Não;https://santander.com.br/conversa-seguros-proteger-familia-preocupacao-pouco
Não;https://santander.com.br/conversa-seguros-proteger-familia-preocupacao-especial
Não;https://santander.com.br/creditos-e-financiamentos-para-empresas/gestao-de-caixa/santander-master
Não;https://santander.com.br/conversa-seguros-proteger-familia-preocupacao-altos
Não;https://santander.com.br/conversa-seguros-proteger-imovel-vantagens-casa
Não;https://santander.com.br/conversa-seguros-proteger-cartao
Não;https://santander.com.br/creditos-e-financiamentos-para-empresas/gestao-de-caixa/conta-garantida
Não;https://santander.com.br/creditos-e-financiamentos-para-empresas/expansao-de-negocios/leasing
Não;https://santander.com.br/creditos-e-financiamentos-para-empresas/expansao-de-negocios/cdc
Não;https://santander.com.br/atendimento-empresas/modelos-de-atendimento/negocios-direct
Não;https://santander.com.br/atendimento-empresas/santander-digital/supercash
Sim;https://santander.com.br/atendimento-empresas/modelos-de-atendimento/agencias-empresas
Não;https://santander.com.br/atendimento-empresas/santander-digital/internet-banking-empresarial
Não;https://santander.com.br/atendimento-empresas/modelos-de-atendimento/agencias-especializadas-negocios-empresas
Não;https://santander.com.br/atendimento-empresas/modelos-de-atendimento/nucleos-atendimento-empresas
Não;https://santander.com.br/atendimento-empresas/santander-digital/id-santander
Não;https://santander.com.br/atendimento-empresas/santander-digital/aplicativo-empresas
Não;https://santander.com.br/atendimento-empresas
Não;https://santander.com.br/creditos-e-financiamentos-para-empresas/financiamento-de-capital/capital-de-giro-bonificado
Não;https://santander.com.br/creditos-e-financiamentos-para-empresas/expansao-de-negocios/cdc-i
Não;https://santander.com.br/creditos-e-financiamentos-para-empresas/financiamento-de-capital/capital-de-giro-eletronico
Não;https://santander.com.br/creditos-e-financiamentos-para-empresas/solucoes-para-fornecedores-e-clientes/vendor
Não;https://santander.com.br/creditos-e-financiamentos-para-empresas/expansao-de-negocios/bndes-giro
Não;https://santander.com.br/creditos-e-financiamentos-para-empresas/financiamento-de-capital/capital-de-giro-franquias
Não;https://santander.com.br/creditos-e-financiamentos-para-empresas/solucoes-para-fornecedores-e-clientes/compror
Não;https://santander.com.br/boleto-reneg
Não;https://santander.com.br/creditos-e-financiamentos-para-empresas/financiamento-de-capital/capital-de-giro-recompensa
Não;https://santander.com.br/atendimento-para-voce/correspondentes
Não;https://santander.com.br/creditos-e-financiamentos-para-empresas/expansao-de-negocios/finame
Não;https://santander.com.br/atendimento-para-voce
Não;https://santander.com.br/comercio-exterior-e-cambio/servicos-internacionais/siscomex
Não;https://santander.com.br/servicos-financeiros/solucoes-de-recebimento/recolhimento-de-valores
Não;https://santander.com.br/creditos-e-financiamentos-para-empresas/expansao-de-negocios/bndes-automatico
Não;https://santander.com.br/creditos-e-financiamentos-para-empresas/expansao-de-negocios/cartao-bndes
Não;https://santander.com.br/global-corporate-banking
Não;https://santander.com.br/atendimento-para-voce/espacos-select
Não;https://santander.com.br/cambio
Não;https://santander.com.br/creditos-e-financiamentos/para-voce
Não;https://santander.com.br/creditos-e-financiamentos
Não;https://santander.com.br/gestao-de-risco-financeiro
Não;https://santander.com.br/creditos-e-financiamentos-para-empresas/solucoes-para-fornecedores-e-clientes
Não;https://santander.com.br/investimentos-e-previdencia/cdb-pre
Não;https://santander.com.br/investimentos-e-previdencia/cdb-progressivo
Não;https://santander.com.br/layout-de-arquivos
Não;https://santander.com.br/creditos-e-financiamentos-para-empresas/expansao-de-negocios
Não;https://santander.com.br/investimentos-e-previdencia/renda-fixa-lci
Não;https://santander.com.br/investimentos-e-previdencia/cdb-di
Não;https://santander.com.br/investimentos-e-previdencia/certificado-de-operacoes-estruturadas
Não;https://santander.com.br/creditos-e-financiamentos-para-empresas/financiamento-de-capital
Não;https://santander.com.br/investimentos-e-previdencia/poupanca
Não;https://santander.com.br/creditos-e-financiamentos-para-empresas/antecipacao-de-recebiveis
Não;https://santander.com.br/creditos-e-financiamentos-para-empresas/gestao-de-caixa
Não;https://santander.com.br/creditos-e-financiamentos-para-empresas
Não;https://santander.com.br/conta-corrente-pessoa-fisica/santander-select
Não;https://santander.com.br/investimentos-e-previdencia/reserva-de-emergencia
Não;https://santander.com.br/investimentos-e-previdencia/futuro-protegido
Não;https://santander.com.br/investimentos-e-previdencia/diversificacao-de-investimentos
Não;https://santander.com.br/investimentos-e-previdencia/investimentos-private-banking
Não;https://santander.com.br/investimentos-e-previdencia/prev-primeiros-passos
Sim;https://santander.com.br/conta-corrente-pessoa-fisica/santander-van-gogh
Não;https://santander.com.br/conta-corrente-pessoa-fisica/santander-especial
Não;https://santander.com.br/investimentos-e-previdencia
Não;https://santander.com.br/investimentos-e-previdencia/fundos-de-investimento
Não;https://santander.com.br/investimentos-e-previdencia/aposentadoria/pgbl-e-vgbl
Não;https://santander.com.br/conversa-investimentos-2-1
Não;https://santander.com.br/conversa-investimentos-3-1
Não;https://santander.com.br/conta-corrente-pessoa-fisica/servicos/contamax-pf
Não;https://santander.com.br/conversa-investimentos-7-1
Não;https://santander.com.br/conversa-investimentos-7-2
Não;https://santander.com.br/conversa-investimentos-4-1
Não;https://santander.com.br/conversa-investimentos-8-1
Não;https://santander.com.br/conversa-investimentos-8-2
Não;https://santander.com.br/investimentos-e-previdencia/lca
Não;https://santander.com.br/conversa-investimentos-5-2
Não;https://santander.com.br/conversa-investimentos-9-1
Não;https://santander.com.br/conta-pessoa-juridica/ofertas/comercio
Não;https://santander.com.br/conversa-investimentos-9-2
Não;https://santander.com.br/conversa-investimentos-10-1
Não;https://santander.com.br/investimentos-e-previdencia/lf
Não;https://santander.com.br/creditos-e-financiamentos-para-empresas/antecipacao-de-recebiveis/recebiveis-de-cartoes
Não;https://santander.com.br/conta-pessoa-juridica/ofertas/franquias
Não;https://santander.com.br/conta-pessoa-juridica/ofertas/industrias
Não;https://santander.com.br/creditos-e-financiamentos-para-empresas/antecipacao-de-recebiveis/desconto-de-duplicatas
Não;https://santander.com.br/conta-pessoa-juridica/ofertas/bares-e-restaurantes
Não;https://santander.com.br/investimentos-e-previdencia/titulos-publicos
Não;https://santander.com.br/conta-pessoa-juridica/ofertas/combustiveis
Não;https://santander.com.br/conta-pessoa-juridica/ofertas/supermercados
Não;https://santander.com.br/conta-pessoa-juridica/ofertas/servicos
Não;https://santander.com.br/conta-corrente-pessoa-fisica/servicos/folha-de-pagamento
Não;https://santander.com.br/conta-corrente-pessoa-fisica/santander-private
Não;https://santander.com.br/renegociacao-de-divida
Não;https://santander.com.br/investimentos-e-previdencia/informacoes-de-investimentos/como-avisar-sinistro
Não;https://santander.com.br/comercio-exterior-e-cambio/cambio/cambio-futuro
Não;https://santander.com.br/comercio-exterior-e-cambio/servicos-internacionais/assinatura-digital
Não;https://santander.com.br/comercio-exterior-e-cambio/portal-de-negocios-internacionais
Não;https://santander.com.br/cartoes-santander/esfera
Sim;https://santander.com.br/getnet
Não;https://santander.com.br/investimentos-e-previdencia/compromissada
Não;https://santander.com.br/conta-corrente-pessoa-fisica/outras-contas
Não;https://santander.com.br/conta-corrente-pessoa-fisica/santander-private/agentes-autonomos
Não;https://santander.com.br/institucional-santander/santander-no-mundo
Não;https://santander.com.br/conta-corrente-pessoa-fisica/informacoes/encerramento-de-conta
Não;https://santander.com.br/conta-corrente-pessoa-fisica/santander-private/produtos-e-servicos
Não;https://santander.com.br/cartoes-santander/acesso-salas-vip
Não;https://santander.com.br/assessoria-financeira-e-mercado-de-capitais/investment-banking/ecm
Não;https://santander.com.br/assessoria-financeira-e-mercado-de-capitais/investment-banking/m-a
Não;https://santander.com.br/assessoria-financeira-e-mercado-de-capitais/global-debt-financing/financiamento-para-aquisicoes
Não;https://santander.com.br/institucional-santander/cultura/patrocinios
Não;https://santander.com.br/assessoria-financeira-e-mercado-de-capitais/global-debt-financing/debit-capital-markets
Não;https://santander.com.br/assessoria-financeira-e-mercado-de-capitais/global-debt-financing/project-finance
Não;https://santander.com.br/assessoria-financeira-e-mercado-de-capitais/global-debt-financing/emprestimos-sindicalizados-club-deals
Não;https://santander.com.br/conta-corrente-pessoa-fisica/funcionario-publico
Não;https://santander.com.br/conta-corrente-pessoa-fisica/servicos/debito-automatico
Não;https://santander.com.br/saude/clinicas-e-consultorios
Não;https://santander.com.br/saude/medicos
Não;https://santander.com.br/saude/universitarios-medicina
Não;https://santander.com.br/saude/hospitais-centros-de-diagnosticos-e-operadoras-de-saude
Não;https://santander.com.br/comercio-exterior-e-cambio/financiamentos-emprestimos
Não;https://santander.com.br/comercio-exterior-e-cambio/garantia-internacional
Não;https://santander.com.br/comercio-exterior-e-cambio/cambio
Não;https://santander.com.br/seguro-empresarial/para-emprestimo
Não;https://santander.com.br/seguro-empresarial/para-funcionario
Não;https://santander.com.br/comercio-exterior-e-cambio
Não;https://santander.com.br/seguro-empresarial
Não;https://santander.com.br/conta-corrente-pessoa-fisica/servicos
Não;https://santander.com.br/conta-corrente-pessoa-fisica/informacoes
Não;https://santander.com.br/cartoes-santander/servicos-e-informacoes/pagamento-de-conta-no-cartao
Não;https://santander.com.br/atendimento-empresas/santander-digital/nexus
Sim;https://santander.com.br/seguros/para-voce
Sim;https://santander.com.br/seguros/assistencia-24-horas
Não;https://santander.com.br/seguros/para-emprestimo
Não;https://santander.com.br/institucional-santander/cultura/projetos-e-patrocinios
Não;https://santander.com.br/institucional-santander/cultura/colecao
Não;https://santander.com.br/institucional-santander/cultura/artes-visuais
Não;https://santander.com.br/institucional-santander/cultura/predio
Não;https://santander.com.br/institucional-santander/cultura/programacao
Não;https://santander.com.br/conv-emprestimos-3-1
Não;https://santander.com.br/conv-emprestimos-4-1
Não;https://santander.com.br/conv-emprestimos-8-2
Não;https://santander.com.br/conv-emprestimos-10-1
Não;https://santander.com.br/governos-instituicoes
Não;https://santander.com.br/cartoes-santander
Não;https://santander.com.br/campanhas/ficar-com-a-gente
Não;https://santander.com.br/campanhas/fique-com-a-gente
Não;https://santander.com.br/cartoes-santander/solucoes-de-pagamento
Não;https://santander.com.br/cartoes-santander/servicos-e-informacoes
Não;https://santander.com.br/campanhas/continuar-com-a-gente
Não;https://santander.com.br/campanhas/continue-com-a-gente
Não;https://santander.com.br/campanhas/fica-servidor
Não;https://santander.com.br/campanhas/radar
Não;https://santander.com.br/campanhas/acreditar
Não;https://santander.com.br/campanhas/credito-com-atitude
Não;https://santander.com.br/institucional-santander/santander-no-brasil
Não;https://santander.com.br/institucional-santander/cultura/memoria-institucional
Não;https://santander.com.br/institucional-santander/governanca-corporativa
Não;https://santander.com.br/institucional-santander
Não;https://santander.com.br/campanhas/renegocie-pj
Não;https://santander.com.br/campanhas/solucoes-veiculos
Não;https://santander.com.br/investimentos/produtos-da-corretora
Não;https://santander.com.br/institucional-santander/fornecedores
Não;https://santander.com.br/assessoria-financeira-e-mercado-de-capitais/global-debt-financing
Não;https://santander.com.br/assessoria-financeira-e-mercado-de-capitais/ofertas-publicas/ofertas-publicas
Não;https://santander.com.br/assessoria-financeira-e-mercado-de-capitais
Não;https://santander.com.br/assessoria-financeira-e-mercado-de-capitais/ofertas-publicas/ofertas-em-andamento
Não;https://santander.com.br/cartoes-santander/servicos-e-informacoes/outros-servicos
Não;https://santander.com.br/institucional-santander/cultura/o-que-voce-encontra
Não;https://santander.com.br/cartoes-descontinuados
Não;https://santander.com.br/cards-family
Não;https://santander.com.br/saude
Não;https://santander.com.br/institucional-santander/cultura
Não;https://santander.com.br/institucional-santander/cultura/projetos-institucionais
Não;https://santander.com.br/atendimento-para-voce/boletos/emissao-de-certificado-e-boleto
Não;https://santander.com.br/campanhas/seguro-protecao-residencial-sl-25off
Não;https://santander.com.br/campanhas/acidentes-pessoais-sob-medida
Não;https://santander.com.br/campanhas/acidentes-pessoais-sob-medida-vg
Não;https://santander.com.br/cc-smiles-gold
Não;https://santander.com.br/cc-smiles-platinum
Não;https://santander.com.br/cc-smiles-infinite
Não;https://santander.com.br/campanhas/seguro-protecao-residencial-vg
Não;https://santander.com.br/campanhas/seguro-protecao-residencial-vg-25off
Não;https://santander.com.br/campanhas/consignado-preventivo
Não;https://santander.com.br/campanhas/microcredito
Não;https://santander.com.br/campanhas/organizacao-financeira
Não;https://santander.com.br/campanhas/supercredito
Não;https://santander.com.br/campanhas/fopa-gol
Não;https://santander.com.br/conv-negocios-internacionais-5-1
Não;https://santander.com.br/conv-negocios-internacionais-3-1
Não;https://santander.com.br/conv-negocios-internacionais-3-2
Não;https://santander.com.br/campanhas/cartoes-pj
Não;https://santander.com.br/atendimento-empresas/santander-digital/portal-cash
Não;https://santander.com.br/analise-economica/destaques-semanais-e-projecoes-macroeconomicas
Não;https://santander.com.br/analise-economica/estudos-macro
Não;https://santander.com.br/cartao-credito-santander/dufry
Não;https://santander.com.br/cartao-credito-santander/oab-sp
Não;https://santander.com.br/cartao-credito-santander/basico
Não;https://santander.com.br/cartao-credito-santander/vivo-internacional
Não;https://santander.com.br/cartoes-santander/pessoa-fisica/aa-platinum
Não;https://santander.com.br/campanhas/seguro-vida-premiado-select
Não;https://santander.com.br/campanhas/seguro-vida-premiado-vg
Não;https://santander.com.br/conv-emprestimos-5-1
Não;https://santander.com.br/atendimento-para-voce/id-santander
Não;https://santander.com.br/cartoes-santander/solucoes-de-pagamento/parcelamento-automatico
Não;https://santander.com.br/agronegocio/protecao-para-os-seus-negocios/seguro-agricola-florestal
Não;https://santander.com.br/creditos-e-financiamentos/para-voce/antecipacao-de-13-salario
Não;https://santander.com.br/creditos-e-financiamentos/para-voce/antecipacao-de-imposto-de-renda
Não;https://santander.com.br/comercio-exterior-e-cambio/cambio/cambio-pessoa-juridica
Não;https://santander.com.br/conta-corrente-pessoa-fisica/servicos/limite-de-conta-santander
Não;https://santander.com.br/cambio/moeda-estrangeira-em-especie
Não;https://santander.com.br/cambio/ordem-de-pagamento
Não;https://santander.com.br/creditos-e-financiamentos/para-veiculos-e-maquinas/financiamento-de-veiculos
Não;https://santander.com.br/seguros/seguro-auto
Não;https://santander.com.br/creditos-e-financiamentos/para-voce/credito-com-veiculo-como-garantia
Não;https://santander.com.br/creditos-e-financiamentos/para-voce/credito-consignado
Sim;https://santander.com.br/seguros/para-voce/seguro-acidentes-pessoais-premiado
Não;https://santander.com.br/agronegocio/protecao-para-os-seus-negocios/seguro-colheita-protegida
Não;https://santander.com.br/agronegocio/protecao-para-os-seus-negocios/seguro-de-maquinas-e-equipamentos
Não;https://santander.com.br/analise-economica/macroeconomic-research
Não;https://santander.com.br/analise-economica/macro-markets-daily
Não;https://santander.com.br/analise-economica/latin-america-strategy-and-macro-views
Não;https://santander.com.br/creditos-e-financiamentos/para-voce/credito-pessoal
Não;https://santander.com.br/agronegocio/protecao-para-os-seus-negocios/credito-protegido-agro
Não;https://santander.com.br/creditos-e-financiamentos/para-veiculos-e-maquinas/financiamento-de-maquinas-e-equipamentos
Não;https://santander.com.br/capitalizacao/numeros-sorteados
Não;https://santander.com.br/analise-economica/relatorio-diario-de-economia-e-mercados
Não;https://santander.com.br/creditos-e-financiamentos/para-voce/credito-consignado-publico-e-privado
Não;https://santander.com.br/promocoes
Não;https://santander.com.br/analise-economica/boletins-regionais-setoriais-e-estudos
Não;https://santander.com.br/analise-economica/apresentacoes-cenarios-economico-em-graficos
Não;https://santander.com.br/capitalizacao/titulos-fora-de-comercializacao
Não;https://santander.com.br/tarifas-e-pacotes-pessoa-fisica-private
Não;https://santander.com.br/tarifas-e-pacotes-pessoa-fisica-select
Não;https://santander.com.br/campanhas/seguro-protecao-residencial
Não;https://santander.com.br/campanhas/seguro-protecao-residencial-vg-casa
Não;https://santander.com.br/campanhas/seguro-protecao-residencial-vg-apartamento
Não;https://santander.com.br/campanhas/seguro-protecao-residencial-para-casa
Não;https://santander.com.br/campanhas/seguro-protecao-residencial-sl
Não;https://santander.com.br/campanhas/seguro-protecao-residencial-para-meu-apartamento
Não;https://santander.com.br/campanhas/seguro-protecao-residencial-sl-casa
Não;https://santander.com.br/conheca-novo-site
Não;https://santander.com.br/privaterelatorios
Não;https://santander.com.br/campanhas/seguro-protecao-residencial-vg-25off-casa
Não;https://santander.com.br/campanhas/seguro-protecao-residencial-vg-25off-apartamento
Não;https://santander.com.br/campanhas/seguro-protecao-residencial-sl-apartamento
Não;https://santander.com.br/campanhas/seguro-protecao-residencial-pf-25off
Não;https://santander.com.br/campanhas/seguro-protecao-residencial-25off-para-minha-casa
Não;https://santander.com.br/campanhas/seguro-protecao-residencial-25off-para-meu-apartamento
Não;https://santander.com.br/campanhas/seguro-protecao-residencial-sl-25off-casa
Não;https://santander.com.br/campanhas/seguro-protecao-residencial-sl-25off-apartamento
Não;https://santander.com.br/investimentos-e-previdencia/ouro
Não;https://santander.com.br/investimentos-e-previdencia/tesouro-direto
Não;https://santander.com.br/investimentos-e-previdencia/fundos-imobiliarios
Não;https://santander.com.br/investimentos-e-previdencia/carteira-perfil-conservador
Não;https://santander.com.br/investimentos-e-previdencia/carteira-perfil-moderado
Não;https://santander.com.br/investimentos-e-previdencia/carteira-perfil-arrojado
Não;https://santander.com.br/investimentos-e-previdencia/futuros
Não;https://santander.com.br/investimentos-e-previdencia/debentures-incentivadas
Não;https://santander.com.br/conta-pessoa-juridica/santander-mais-gestao
Não;https://santander.com.br/investimentos-e-previdencia/etfs
Não;https://santander.com.br/investimentos-e-previdencia/empresas-americanas
Não;https://santander.com.br/investimentos-e-previdencia/opcoes
Sim;https://santander.com.br/atendimento-para-voce/select-direct
Não;https://santander.com.br/institucional-santander/seguranca/dicas-seguranca
Não;https://santander.com.br/capitalizacao/din-din-do-milhao
Não;https://santander.com.br/campanhas/din-din-do-milhao
Sim;https://santander.com.br/campanhas/select-direct
Não;https://santander.com.br/institucional-santander/seguranca/mps
Não;https://santander.com.br/campanhas-financeira
Não;https://santander.com.br/campanhas/planos-economicos
Não;https://santander.com.br/campanhas/governo-sp-sl
Não;https://santander.com.br/campanhas/governo-sp-vg
Não;https://santander.com.br/campanhas/governo-sp
Não;https://santander.com.br/seguro-empresarial/seguro-faturamento-getnet
Não;https://santander.com.br/atendimento-para-voce/van-gogh-direct
Não;https://santander.com.br/cambio/one-pay-cambio
Não;https://santander.com.br/investimentos-e-previdencia/cdb
Não;https://santander.com.br/investimentos-e-previdencia/outros-investimentos
Não;https://santander.com.br/campanhas/conta-ole
Não;https://santander.com.br/campanhas/cliente-ole
Não;https://santander.com.br/promocoes/financiamento
Não;https://santander.com.br/creditos-e-financiamentos/para-voce/financiamento-graduacao-medicina
Não;https://santander.com.br/creditos-e-financiamentos/para-voce/financiamento-pos-graduacao
Não;https://santander.com.br/campanhas/portabilidade
Não;https://santander.com.br/campanhas/solucoespj
Não;https://santander.com.br/universidades/emprego
Não;https://santander.com.br/universidades/termos-de-uso-app-universitario
Não;https://santander.com.br/atendimento-para-voce/atualizacao-de-cadastro
Não;https://santander.com.br/universidades/empreendedorismo
Não;https://santander.com.br/sustentabilidade/noticias/confira-o-relatorio-anual-2017
Não;https://santander.com.br/sustentabilidade/noticias/ha-12-anos-investindo-na-expansao-das-energias-renovaveis-no-brasil
Não;https://santander.com.br/sustentabilidade/noticias/amigo-de-valor-abre-edital-de-novos-projetos
Não;https://santander.com.br/sustentabilidade/noticias/risco-socioambiental-chega-ao-varejo-do-santander
Não;https://santander.com.br/sustentabilidade/noticias/programa-apoia-empreendedores-na-gestao-dos-negocios
Não;https://santander.com.br/sustentabilidade/noticias/estamos-na-carteira-do-ise-pelo-oitavo-ano
Não;https://santander.com.br/sustentabilidade/noticias/veja-como-foi-evento-o-amanha-da-amazonia-e-hoje
Não;https://santander.com.br/sustentabilidade/noticias/estacoes-de-ginastica-ao-ar-livre-para-pessoas-com-deficiencia
Não;https://santander.com.br/sustentabilidade/noticias/o-amanha-da-amazonia-e-hoje
Não;https://santander.com.br/sustentabilidade/noticias/rumo-a-economia-de-baixo-carbono
Não;https://santander.com.br/sustentabilidade/noticias/santander-testa-nova-metodologia-de-analise-de-risco-hidrico
Não;https://santander.com.br/sustentabilidade/noticias/sustentabilidade-na-pauta-da-semana-somos-santander
Não;https://santander.com.br/sustentabilidade/noticias/credito-para-sustentabilidade
Não;https://santander.com.br/sustentabilidade/noticias
Não;https://santander.com.br/sustentabilidade/sociedade/parceiro-do-idoso
Não;https://santander.com.br/creditos-e-financiamentos/para-voce/cdc-socioambiental-solar
Não;https://santander.com.br/agronegocio/outros-financiamentos-e-emprestimos/cdc-agro-solar
Não;https://santander.com.br/creditos-e-financiamentos-para-empresas/expansao-de-negocios/cdc-sustentavel-solar
Não;https://santander.com.br/campanhas/agosto
Não;https://santander.com.br/campanhas/eudouosangue
Não;https://santander.com.br/sustentabilidade/sociedade/ensino-superior
Não;https://santander.com.br/sustentabilidade/sociedade/investimento-social
Não;https://santander.com.br/sustentabilidade/sociedade
Não;https://santander.com.br/sustentabilidade/posicionamento/estrategia
Não;https://santander.com.br/conta-pessoa-juridica/ofertas/hoteis
Não;https://santander.com.br/sustentabilidade/gestao-de-atividades/construcao-sustentavel
Não;https://santander.com.br/sustentabilidade/gestao-de-atividades/governanca-climatica
Não;https://santander.com.br/campanhas/agosto-disclaimer
Não;https://santander.com.br/sustentabilidade/posicionamento
Não;https://santander.com.br/sustentabilidade/negocios-socioambientais
Não;https://santander.com.br/sustentabilidade/gestao-de-atividades/meio-ambiente
Não;https://santander.com.br/sustentabilidade/gestao-de-atividades
Não;https://santander.com.br/sustentabilidade
Não;https://santander.com.br/campanhas/programa-ole
Não;https://santander.com.br/sustentabilidade/negocios-socioambientais/para-voce
Não;https://santander.com.br/creditos-e-financiamentos-para-empresas/expansao-de-negocios/cdc-sustentavel
Não;https://santander.com.br/creditos-e-financiamentos-para-empresas/expansao-de-negocios/capital-de-giro-sustentavel
Não;https://santander.com.br/campanhas/acesso-wifi
Não;https://santander.com.br/investimentos-e-previdencia/letra-imobiliaria-garantida
Não;https://santander.com.br/sustentabilidade/gestao-de-atividades/gestao-de-risco
Não;https://santander.com.br/agronegocio/outros-financiamentos-e-emprestimos/cdc-agro-socioambienal
Não;https://santander.com.br/sustentabilidade/negocios-socioambientais/green-bonds
Não;https://santander.com.br/amigodevalor/apae-aguai-sp
Não;https://santander.com.br/campanhas/work-cafe
Sim;https://santander.com.br/amigodevalor/arte-cultura-esporte
Não;https://santander.com.br/amigodevalor/historia-das-historias
Não;https://santander.com.br/amigodevalor/ana-ataide
Não;https://santander.com.br/amigodevalor/arvore-vida
Não;https://santander.com.br/amigodevalor/projeto-aguia
Não;https://santander.com.br/amigodevalor/oasis
Não;https://santander.com.br/amigodevalor/mudando-destinos
Não;https://santander.com.br/amigodevalor/projeto-criar
Não;https://santander.com.br/amigodevalor/labconecta
Não;https://santander.com.br/amigodevalor/anfiteatro-saber
Não;https://santander.com.br/amigodevalor/juventude
Não;https://santander.com.br/amigodevalor/cenprhe
Não;https://santander.com.br/amigodevalor/investindo-futuro
Não;https://santander.com.br/amigodevalor/acolher-proteger
Não;https://santander.com.br/amigodevalor/educar-transformar
Não;https://santander.com.br/sustentabilidade/negocios-socioambientais/para-sua-empresa
Não;https://santander.com.br/campanhas/universidade
Sim;https://santander.com.br/campanhas/vem-pro-santander
Não;https://santander.com.br/sustentabilidade/noticias/amazonia-tem-pressa
Não;https://santander.com.br/conta-corrente-pessoa-fisica/informacoes/santander-portabilidade
Não;https://santander.com.br/sustentabilidade/noticias/futuro-das-energias-renovaveis
Não;https://santander.com.br/consorcio
Não;https://santander.com.br/sustentabilidade/noticias/16-edicao-programa-amigo-de-valor
Não;https://santander.com.br/comercio-exterior-e-cambio/servicos-internacionais/assinatura-eletronica
Não;https://santander.com.br/sustentabilidade/negocios-socioambientais/empreendedorismo
Não;https://santander.com.br/cartoes-santander/samsung-pay
Não;https://santander.com.br/atendimento-para-voce/novo-internet-banking
Não;https://santander.com.br/sustentabilidade/gestao-de-atividades/funcionarios
Não;https://santander.com.br/horarios-final-de-ano
Não;https://santander.com.br/sustentabilidade/educacao-financeira/definir-e-realizar-objetivos
Não;https://santander.com.br/creditos-e-financiamentos/para-voce/portabilidade-credito-consignado
Não;https://santander.com.br/investimentos-e-previdencia/carteira-perfil-balanceado
Não;https://santander.com.br/investimentos-e-previdencia/carteira-perfil-agressivo
Não;https://santander.com.br/campanhas/seguros
Não;https://santander.com.br/campanhas/santanderon
Não;https://santander.com.br/sustentabilidade/sociedade/inclusao-bancaria
Não;https://santander.com.br/sustentabilidade/posicionamento/participacao-em-foruns
Não;https://santander.com.br/sustentabilidade/funcionarios/diversidade
Não;https://santander.com.br/autocompara/seguradoras/allianz
Não;https://santander.com.br/autocompara/seguradoras/hdi
Não;https://santander.com.br/autocompara/seguradoras/sompo
Não;https://santander.com.br/autocompara/seguradoras/sulamerica
Não;https://santander.com.br/autocompara/seguradoras/tokio-marine
Não;https://santander.com.br/autocompara/seguradoras/zurich
Não;https://santander.com.br/autocompara/seguradoras
Não;https://santander.com.br/campanhas/produtos
Não;https://santander.com.br/campanhas/produtos-2
Não;https://santander.com.br/campanhas/disclaimer-carnaval
Não;https://santander.com.br/sustentabilidade/gestao-de-atividades/clientes
Não;https://santander.com.br/sustentabilidade/negocios-socioambientais/plano-empresario-sustentavel
Não;https://santander.com.br/sustentabilidade/clientes/ciclo-de-vida
Não;https://santander.com.br/cartao-credito-santander/123
Não;https://santander.com.br/cartao-credito-santander/play
Não;https://santander.com.br/cartao-credito-santander/aadvantage-platinum
Não;https://santander.com.br/cartao-credito-santander/aadvantage-black
Não;https://santander.com.br/conta-pessoa-juridica/mei
Não;https://santander.com.br/capitalizacao
Não;https://santander.com.br/autocompara/seguradoras/liberty
Não;https://santander.com.br/sustentabilidade/noticias/resultados-historicos
Não;https://santander.com.br/campanhas/isencao-de-tarifas-pj
Não;https://santander.com.br/educacao-financeira/como-comecar
Não;https://santander.com.br/campanhas/portas-abertas
Não;https://santander.com.br/educacao-financeira/orientacao-financeira
Não;https://santander.com.br/educacao-financeira/tem-um-plano-definido
Não;https://santander.com.br/campanhas/melhor-para-investir
Não;https://santander.com.br/sustentabilidade/noticias/futuro-dos-negocios
Não;https://santander.com.br/conta-corrente-pessoa-fisica/santander-private/santander-family-office
Não;https://santander.com.br/sustentabilidade/noticias/amigo-de-valor-registra-mais-um-ano-de-crescimento
Não;https://santander.com.br/institucional-santander/seguranca/seguranca-da-informacao
Não;https://santander.com.br/educacao-financeira/coaching-da-prosperidade
Não;https://santander.com.br/educacao-financeira/planejar-e-organizar-contas
Não;https://santander.com.br/educacao-financeira/usar-os-produtos-financeiros-a-seu-favor
Não;https://santander.com.br/educacao-financeira/reorganizar-e-quitar-dividas
Não;https://santander.com.br/tarifas-e-pacotes-pessoa-fisica
Não;https://santander.com.br/seguro-empresarial/plano-odonto-especial-empresas
Não;https://santander.com.br/conta-pessoa-juridica/ofertas/instituicoes-religiosas
Não;https://santander.com.br/campanhas/stefanini
Não;https://santander.com.br/assessoria-financeira-e-mercado-de-capitais/ofertas-publicas
Não;https://santander.com.br/sustentabilidade/posicionamento/governanca
Não;https://santander.com.br/campanhas/dia-das-maes
Não;https://santander.com.br/sustentabilidade/noticia/inscricoes-para-segundo-premio-novo-agro
Não;https://santander.com.br/sustainability/renewable-energy
Não;https://santander.com.br/sustentabilidade/educacao-financeira/organizar-e-quitar-dividas
Não;https://santander.com.br/sustentabilidade/educacao-financeira/planejar-e-organizar-as-contas
Não;https://santander.com.br/sustentabilidade/educacao-financeira/usar-os-produtos-financeiros-a-seu-favor
Não;https://santander.com.br/sustentabilidade/educacao-financeira
Não;https://santander.com.br/sustainability/responsible-agribusiness
Não;https://santander.com.br/capitalizacao/din-din-empresarial
Não;https://santander.com.br/institucional-santander/seguranca/politica-de-privacidade
Não;https://santander.com.br/sustentabilidade/noticias/encontro-fornecedores
Não;https://santander.com.br/sustentabilidade/noticias/parceiros-em-acao-ganha-site-com-cursos-online
Não;https://santander.com.br/sustentabilidade/noticias/santander-leva-sustentabilidade-a-agrishow
Não;https://santander.com.br/campanhas/cambio
Não;https://santander.com.br/seguros/seguro-viagem/como-contratar
Não;https://santander.com.br/seguros
Não;https://santander.com.br/investimentos-e-previdencia/informacoes-de-investimentos/ofertas-de-fundos-van-gogh
Não;https://santander.com.br/organizeja
Não;https://santander.com.br/campanhas/marinha
Não;https://santander.com.br/analise-economica/international-reports
Não;https://santander.com.br/conta-corrente-pessoa-fisica/santander-universidades
Não;https://santander.com.br/campanhas/urubupunga
Não;https://santander.com.br/investimentos-e-previdencia/informacoes-de-investimentos/ofertas-de-fundos-private
Não;https://santander.com.br/campanhas/semdivida
Não;https://santander.com.br/campanhas/ela
Não;https://santander.com.br/sustentabilidade/noticias/abastecido-por-energia-renovavel
Não;https://santander.com.br/campanhas/renegociacao-sem-alcada-pessoa-juridica
Não;https://santander.com.br/campanhas/renegociacao-sem-oferta-pessoa-fisica
Não;https://santander.com.br/sustentabilidade/central-de-resultados
Não;https://santander.com.br/educacao-financeira/saiba-tudo-que-seu-aplicativo-de-banco-pode-fazer
Não;https://santander.com.br/campanhas/voandojuntos
Não;https://santander.com.br/institucional-santander/cultura/santander-cultural
Não;https://santander.com.br/seguros/para-voce/plano-odonto-especial
Não;https://santander.com.br/campanhas/zara
Não;https://santander.com.br/atendimento-para-voce/boletos/emissao-boleto-vencido
Não;https://santander.com.br/empresas
Não;https://santander.com.br/campanhas/disclaimer-pais
Não;https://santander.com.br/campanhas/ferias
Não;https://santander.com.br/docs/financeira-maisconta
Não;https://santander.com.br/campanhas/bateuganhou
Não;https://santander.com.br/universidades/credi-universitario
Sim;https://santander.com.br/seguros/seguro-imoveis/seguro-residencial
Não;https://santander.com.br/conta-corrente-pessoa-fisica
Não;https://santander.com.br/seguros/seguro-imoveis/seguro-residencial-parcial
Não;https://santander.com.br/seguros/seguro-imoveis/seguro-residencial-e-negocios
Não;https://santander.com.br/seguros/seguro-imoveis/seguro-residencial-veraneio
Não;https://santander.com.br/seguros/seguro-imoveis/seguro-residencial-premiado
Não;https://santander.com.br/seguros/seguro-imoveis
Não;https://santander.com.br/campanhas/pais
Não;https://santander.com.br/seguros/para-cartao/seguro-cartao-mais
Não;https://santander.com.br/seguros/para-cartao/seguro-cartao-basico
Não;https://santander.com.br/seguros/para-cartao/seguro-cartao-universitario
Não;https://santander.com.br/seguros/para-cartao-desconsiderar
Sim;https://santander.com.br/seguros/para-cartao
Não;https://santander.com.br/seguros/para-cartao/seguro-cartao-completo
Não;https://santander.com.br/campanhas/renegociar
Não;https://santander.com.br/reneg-general
Não;https://santander.com.br/sustentabilidade/posicionamento/reconhecimentos
Não;https://santander.com.br/campanhas/pais/fluxo-de-caixa
Não;https://santander.com.br/amigodevalor/fortalecendo-lacos
Não;https://santander.com.br/universidades
Não;https://santander.com.br/campanhas/pais/credito
Não;https://santander.com.br/campanhas/pais/cartoes
Não;https://santander.com.br/campanhas/pais/veiculos
Não;https://santander.com.br/campanhas/pais/investimento-pj
Não;https://santander.com.br/campanhas/pais/seguros
Não;https://santander.com.br/campanhas/pais/seguros-pj
Não;https://santander.com.br/investimentos/informacoes-de-investimentos/oferta-de-fundos-governos
Não;https://santander.com.br/conversa-investimentos-6-3
Não;https://santander.com.br/conversa-investimentos-6-2
Não;https://santander.com.br/investimentos/lf
Não;https://santander.com.br/investimentos/fundos-di
Não;https://santander.com.br/investimentos/fundos-de-investimento
Sim;https://santander.com.br/investimentos/informacoes-de-investimentos
Não;https://santander.com.br/investimentos/informacoes-de-investimentos/oferta-de-fundos-ne
Não;https://santander.com.br/investimentos/planejamento-para-12-meses
Não;https://santander.com.br/investimentos/produtos-corporate-e-global-corporate
Não;https://santander.com.br/investimentos/compromissadas
Não;https://santander.com.br/investimentos/cdb-progressivo
Não;https://santander.com.br/investimentos/cdb-di
Não;https://santander.com.br/investimentos/contamax-cdb-di-empresarial
Não;https://santander.com.br/investimentos/planejamento-de-longo-prazo
Não;https://santander.com.br/investimentos/informacoes-de-investimentos/oferta-de-fundos-corporate
Não;https://santander.com.br/investimentos/cdb-pre
Não;https://santander.com.br/investimentos/informacoes-de-investimentos/oferta-de-fundos-gcb
Não;https://santander.com.br/investimentos
Não;https://santander.com.br/cartao-credito-santander/unique-black
Não;https://santander.com.br/cartoes-santander/solucoes-de-pagamento/parcelamento-de-fatura
Não;https://santander.com.br/cartoes-santander/solucoes-de-pagamento/total-parcelado
Não;https://santander.com.br/cartao-credito-santander/upgrade-cartoes
Não;https://santander.com.br/campanhas/ping-pong
Não;https://santander.com.br/autocompara-seguros
Não;https://santander.com.br/din-din-empresarial-garantia
Não;https://santander.com.br/cartao-credito-santander/aadvantage-gold
Não;https://santander.com.br/cibonificado
Não;https://santander.com.br/campanhas/bateu-ganhou
Não;https://santander.com.br/educacao-financeira
Não;https://santander.com.br/amigodevalor/apadrinhamento
Não;https://santander.com.br/amigodevalor/blusoft
Não;https://santander.com.br/amigodevalor/fortalecer
Não;https://santander.com.br/amigodevalor/centrojuventude
Não;https://santander.com.br/amigodevalor/futuromelhor
Não;https://santander.com.br/amigodevalor/lar-acolhedor
Não;https://santander.com.br/amigodevalor/vida-nova-cidadania
Não;https://santander.com.br/amigodevalor/medida-socioeducativa
Não;https://santander.com.br/amigodevalor/caminho-futuro
Não;https://santander.com.br/amigodevalor/transformando-realidades
Não;https://santander.com.br/amigodevalor/construindo-vinculos
Não;https://santander.com.br/amigodevalor/construindo-sonhos
Não;https://santander.com.br/amigodevalor/projeto-salesianos
Não;https://santander.com.br/amigodevalor/persevere
Não;https://santander.com.br/amigodevalor/nacad
Não;https://santander.com.br/amigodevalor/plantvida
Não;https://santander.com.br/amigodevalor/ciranda-vida
Não;https://santander.com.br/amigodevalor/cae
Não;https://santander.com.br/amigodevalor/programa-integrado
Não;https://santander.com.br/amigodevalor/meninos-meninas-alegria
Não;https://santander.com.br/amigodevalor/re-nascer
Não;https://santander.com.br/amigodevalor/minha-cidade
Não;https://santander.com.br/amigodevalor/renascer-pe
Não;https://santander.com.br/amigodevalor/lar-mana
Não;https://santander.com.br/amigodevalor/espaco-amigo
Não;https://santander.com.br/amigodevalor/arteterapia-inclusao
Não;https://santander.com.br/amigodevalor/resgatando-valores
Não;https://santander.com.br/amigodevalor/olhando-futuro
Não;https://santander.com.br/amigodevalor/elpis
Não;https://santander.com.br/amigodevalor/caminho-cidadania
Não;https://santander.com.br/amigodevalor/catavento
Não;https://santander.com.br/amigodevalor/fazer-acontecer
Não;https://santander.com.br/amigodevalor/creace-tea
Não;https://santander.com.br/amigodevalor/superacao
Não;https://santander.com.br/amigodevalor/pirajui-sp
Não;https://santander.com.br/amigodevalor/acolher-para-proteger
Não;https://santander.com.br/amigodevalor/colhendo-futuro
Não;https://santander.com.br/amigodevalor/projeto-reviver-ma
Não;https://santander.com.br/amigodevalor/paff
Não;https://santander.com.br/amigodevalor/servico-convivencia
Não;https://santander.com.br/amigodevalor/projeto-arte
Não;https://santander.com.br/amigodevalor/protagonismo-reafirmacao
Não;https://santander.com.br/amigodevalor/jovem-acao
Não;https://santander.com.br/amigodevalor/fortalecendo-cidadania
Não;https://santander.com.br/amigodevalor/conviver
Não;https://santander.com.br/amigodevalor/casa-funcional
Não;https://santander.com.br/amigodevalor/passo-amigo
Não;https://santander.com.br/amigodevalor/brincando-aprendendo
Não;https://santander.com.br/amigodevalor/incluir-amanha
Não;https://santander.com.br/amigodevalor/compartilhar-solidarizar
Não;https://santander.com.br/amigodevalor/comoparticipar
Não;https://santander.com.br/amigodevalor/resultados
Não;https://santander.com.br/sustentabilidade/sociedade/amigo-de-valor
Não;https://santander.com.br/sustentabilidade/noticia/venha-correr-e-apoiar-amigo-de-valor
Não;https://santander.com.br/tjsp
Não;https://santander.com.br/ofertas-publicas/material-publicitario
Não;https://santander.com.br/atendimento-para-voce/app-santander
Não;https://santander.com.br/atendimento-para-voce/app-santander-desk
Não;https://santander.com.br/agronegocio/outros-financiamentos-e-emprestimos/consorcio-de-veiculos-e-agronegocios
Não;https://santander.com.br/creditos-e-financiamentos/para-sua-casa/consorcio-de-imoveis
Não;https://santander.com.br/campanhas/pcrj
Não;https://santander.com.br/docs/design-system
Sim;https://santander.com.br/seguros/para-voce/seguro-acidentes-pessoais-sob-medida
Sim;https://santander.com.br/seguros/acidentespessoais
Não;https://santander.com.br/seguros/para-voce/seguro-acidentes-pessoais-hospitalar-premiado
Não;https://santander.com.br/seguros/para-voce/seguro-funeral
Não;https://santander.com.br/seguros/para-voce/seguro-vida-premium
Sim;https://santander.com.br/seguros/vida
Não;https://santander.com.br/seguros/para-voce/seguro-de-vida-homem
Sim;https://santander.com.br/seguros/para-voce/seguro-de-vida-premiado
Sim;https://santander.com.br/seguros/para-voce/seguro-de-vida-select
Sim;https://santander.com.br/seguros/para-voce/seguro-de-vida-mulher
Sim;https://santander.com.br/seguros/para-voce/seguro-de-vida-van-gogh
Não;https://santander.com.br/cartoes-correspondentes-bancarios
Não;https://santander.com.br/servicos-financeiros/solucoes-para-gestao-de-caixa/cash-jud
Não;https://santander.com.br/servicos-financeiros/solucoes-de-recebimento/debito-automatico
Não;https://santander.com.br/servicos-financeiros/solucoes-de-recebimento/ordem-de-credito-por-teleprocessamento
Não;https://santander.com.br/servicos-financeiros/solucoes-para-gestao-de-caixa/cash-balance
Não;https://santander.com.br/servicos-financeiros/solucoes-de-pagamento/debito-direto-autorizado-dda
Não;https://santander.com.br/servicos-financeiros/solucoes-de-pagamento/recarga-de-telefones-pre-pagos
Não;https://santander.com.br/servicos-financeiros/solucoes-de-pagamento/pagamento-a-fornecedores
Não;https://santander.com.br/servicos-financeiros/solucoes-de-recebimento/cobrancas
Não;https://santander.com.br/servicos-financeiros/solucoes-para-gestao-de-caixa
Não;https://santander.com.br/servicos-financeiros
Não;https://santander.com.br/servicos-financeiros/solucoes-de-recebimento/custodia-de-cheques
Não;https://santander.com.br/servicos-financeiros/solucoes-de-recebimento
Não;https://santander.com.br/servicos-financeiros/solucoes-de-pagamento
Não;https://santander.com.br/servicos-financeiros/folha-de-pagamentos/pagamentos-de-salarios
Não;https://santander.com.br/servicos-financeiros/solucoes-para-gestao-de-caixa/extrato-eletronico
Não;https://santander.com.br/servicos-financeiros/folha-de-pagamentos
Não;https://santander.com.br/servicos-financeiros/solucoes-de-pagamento/pagamento-de-tributos
Não;https://santander.com.br/servicos-financeiros/solucoes-para-gestao-de-caixa/conta-escrow
Não;https://santander.com.br/parceiros-imobiliarios
Não;https://santander.com.br/portalparceiros
Não;https://santander.com.br/campanhas/aadvantage
Não;https://santander.com.br/investimentos-e-previdencia/debentures-private
Não;https://santander.com.br/sustainability/activity-management/socio-environmental-risk
Não;https://santander.com.br/sustainability/management-activities/integrated-risk-management
Não;https://santander.com.br/sustainability/employees/health-and-safety
Não;https://santander.com.br/autocompara
Não;https://santander.com.br/seguros/para-emprestimo/seguro-protecao-consignado-total-com-desemprego
Não;https://santander.com.br/seguros/para-emprestimo/seguro-protecao-consignado-total
Não;https://santander.com.br/seguros/titulos-nao-comercializados
Não;https://santander.com.br/seguro-empresarial/para-emprestimo/seguro-limite-da-conta-empresa-protegido
Não;https://santander.com.br/seguro-empresarial/para-emprestimo/seguro-capital-giro-protegido
Não;https://santander.com.br/seguro-empresarial/para-emprestimo/seguro-capital-de-giro-protegido
Não;https://santander.com.br/seguros/para-emprestimo/seguro-consignado-com-desemprego
Não;https://santander.com.br/seguros/para-emprestimo/seguro-consignado-protegido
Não;https://santander.com.br/seguros/para-emprestimo/cdc-protegido
Não;https://santander.com.br/seguros/para-emprestimo/seguro-cdc-premiado
Não;https://santander.com.br/seguros/para-voce/seguro-renda-medicos
Não;https://santander.com.br/sustainability/activity-management/natural-resources-management
Não;https://santander.com.br/sustainability/social-environmental-business/agribusiness
Não;https://santander.com.br/creditos-e-financiamentos/para-veiculos-e-maquinas/consorcio-de-veiculos
Não;https://santander.com.br/sustainability/positioning/policies
Não;https://santander.com.br/docs/saleskitselect2019
Não;https://santander.com.br/ofertas-publicas/material-publicitario/rumo-sa
Não;https://santander.com.br/campanhas/escolhaesua
Não;https://santander.com.br/campanhas/zfdobrasil
Não;https://santander.com.br/cartoes-pessoa-juridica/gestao-de-negocios/cartao-santander-viagem
Não;https://santander.com.br/cartoes-pessoa-juridica/gestao-de-negocios/cartao-santander-hotel
Não;https://santander.com.br/conv-cartoes-pj-2-3
Não;https://santander.com.br/cartoes-pessoa-juridica/gestao-de-negocios/cartao-santander-air-plus-corporate
Sim;https://santander.com.br/cartoes-pessoa-juridica/cartoes-de-beneficios
Não;https://santander.com.br/cartoes-pessoa-juridica
Não;https://santander.com.br/cartoes-pessoa-juridica/gestao-de-negocios
Não;https://santander.com.br/cartoes-pessoa-juridica/gestao-de-negocios/cartao-santander-corporate
Não;https://santander.com.br/conv-cartoes-pj-2-2
Não;https://santander.com.br/seguros/para-emprestimo/seguro-cp-premiado-com-desemprego
Não;https://santander.com.br/seguros/para-emprestimo/seguro-protecao-cobertura-premiada
Não;https://santander.com.br/consorcio-portal-consorciado
Não;https://santander.com.br/sustainability/employee/satisfaction-and-engagement
Não;https://santander.com.br/sustainability/activity-management/financial-education-management
Não;https://santander.com.br/sustentabilidade/negocios-socioambientais/energias-renovaveis
Não;https://santander.com.br/cartoes-pessoa-juridica/gestao-de-negocios/cartao-santander-negocio-empresa-platinum
Não;https://santander.com.br/sustentabilidade/noticias/inclusao-por-meio-da-equoterapia
Não;https://santander.com.br/atendimento-lojas-shopping-sabado
Não;https://santander.com.br/cartao-credito-santander/cartao-adicional
Não;https://santander.com.br/creditos-e-financiamentos/para-sua-casa/consorcio-sustentavel
Não;https://santander.com.br/sustentabilidade/noticias/a-conquista-direito-de-sonhar
Não;https://santander.com.br/sustentabilidade/noticias/santander-sustentavel-mundo-dow-jones
Não;https://santander.com.br/sustentabilidade/noticias/eles-ganham-um-plano-para-a-vida
Não;https://santander.com.br/campanhas/conta-cartao
Não;https://santander.com.br/sustentabilidade/noticias/uma-casa-que-acolhe
Não;https://santander.com.br/cartao-credito-santander/shell-internacional
Não;https://santander.com.br/campanhas/conta-cartao-nova-2019
Não;https://santander.com.br/sustentabilidade/noticia/lugar-de-crianca-e-na-familia
Não;https://santander.com.br/sustentabilidade/noticia/adolescentes-encontram-uma-estrela-guia
Não;https://santander.com.br/campanhas/conta-cartao-nova
Não;https://santander.com.br/campanhas/responsaprospera
Não;https://santander.com.br/sustentabilidade/noticia/no-lugar-de-abusos-educacao
Não;https://santander.com.br/campanhas/ganhouemdobro
Não;https://santander.com.br/sustentabilidade/noticias/uma-corrente-poderosa
Não;https://santander.com.br/campanhas/universidades
Não;https://santander.com.br/seguros/para-voce/seguro-renda-getnet
Não;https://santander.com.br/sustentabilidade/noticia/autoconfiaca-movida-a-musica
Não;https://santander.com.br/sustentabilidade/noticia/uma-cidade-para-todos
Não;https://santander.com.br/sustentabilidade/noticia/fila-nunca-mais
Não;https://santander.com.br/sustentabilidade/funcionarios/satisfacao-e-engajamento
Não;https://santander.com.br/sustentabilidade/negocios-socioambientais/agronegocio
Não;https://santander.com.br/sustentabilidade/gestao-de-atividades/gestao-de-recursos
Não;https://santander.com.br/sustentabilidade/gestao-de-atividades/gestao-educacao-financeira
Sim;https://santander.com.br/sustentabilidade/funcionarios/saude-e-seguranca
Não;https://santander.com.br/sustentabilidade/gestao-de-atividades/risco-socioambiental
Não;https://santander.com.br/sustentabilidade/sociedade/parceiros-em-acao
Não;https://santander.com.br/rpps
Não;https://santander.com.br/sustentabilidade/gestao-de-atividades/risco-gestao-integrada
Não;https://santander.com.br/campanhas/seguro-vida-premiado
Não;https://santander.com.br/cartoes-santander/solucoes-de-pagamento/super-credito
Não;https://santander.com.br/educacao-financeira/nome-negativado
Não;https://santander.com.br/investimentos-e-previdencia/cri
Não;https://santander.com.br/investimentos-e-previdencia/cra
Não;https://santander.com.br/educacao-financeira/como-abrir-conta-corrente
Não;https://santander.com.br/educacao-financeira/beneficios-conta-corrente
Não;https://santander.com.br/educacao-financeira/black-friday
Não;https://santander.com.br/docs/condicoesbw2019
Não;https://santander.com.br/campanhas/ficacomigo
Não;https://santander.com.br/sustainability/society/partners-in-action
Não;https://santander.com.br/creditos-e-financiamentos/para-sua-casa/credito-imobiliario
Sim;https://santander.com.br/creditoimobiliario/santander-e-magazine-luiza
Não;https://santander.com.br/cartaoonline
Não;https://santander.com.br/educacao-financeira/negociacao-orientacao
Não;https://santander.com.br/educacao-financeira/semana-negociacao
Não;https://santander.com.br/testepublicacaoagendada
Não;https://santander.com.br/educacao-financeira/decimo-terceiro-salario
Não;https://santander.com.br/atendimento-para-voce/boletos/emissao-2-via-boleto
Não;https://santander.com.br/conta-corrente-pessoa-fisica/santander-portabilidade
Não;https://santander.com.br/sustainability/socio-environmental-business/renewable-energy
Não;https://santander.com.br/sustentabilidade/posicionamento/compromissos
Não;https://santander.com.br/sustainability/positioning/commitments
Não;https://santander.com.br/conv-agro-8-2
Não;https://santander.com.br/conv-agro-16-1
Não;https://santander.com.br/agronegocio/credito-rural-investimento/investimento-agricola
Não;https://santander.com.br/agronegocio/credito-rural-comercializacao/npr
Não;https://santander.com.br/conv-agro-5-2
Não;https://santander.com.br/conv-agro-11-2
Não;https://santander.com.br/conv-agro-8-4
Não;https://santander.com.br/agronegocio
Não;https://santander.com.br/agronegocio/titulos-do-agronegocio
Não;https://santander.com.br/agronegocio/financiamentos-do-bndes/prodecoop
Não;https://santander.com.br/agronegocio/credito-rural/fornecimento-a-cooperados
Não;https://santander.com.br/conv-agro-9-2
Não;https://santander.com.br/agronegocio/financiamentos-do-bndes/inovagro
Não;https://santander.com.br/conv-agro-8-3
Não;https://santander.com.br/agronegocio/credito-rural-custeio
Não;https://santander.com.br/agronegocio/financiamentos-do-bndes/moderagro
Não;https://santander.com.br/conv-agro-10-3
Não;https://santander.com.br/agronegocio/credito-rural-comercializacao/adiantamento-a-cooperados
Não;https://santander.com.br/agronegocio/credito-rural-comercializacao
Não;https://santander.com.br/agronegocio/titulos-do-agronegocio/cpr-financeira
Não;https://santander.com.br/agronegocio/protecao-para-os-seus-negocios/seguro-granizo
Não;https://santander.com.br/conv-agro-14-1
Não;https://santander.com.br/conv-agro-17-2
Não;https://santander.com.br/agronegocio/credito-rural-custeio/custeio-pecuario
Não;https://santander.com.br/agronegocio/credito-rural-investimento
Não;https://santander.com.br/agronegocio/credito-rural-comercializacao/fgpp
Não;https://santander.com.br/conv-agro-6-2
Não;https://santander.com.br/agronegocio/funcafe
Não;https://santander.com.br/conv-agro-14-2
Não;https://santander.com.br/agronegocio/financiamentos-do-bndes
Não;https://santander.com.br/agronegocio/parcerias-e-convenios
Não;https://santander.com.br/agronegocio/credito-rural-comercializacao/fee
Não;https://santander.com.br/agronegocio/credito-rural/investimento-pecuario
Não;https://santander.com.br/agronegocio/outros-financiamentos-e-emprestimos/credito-pessoal-agro
Não;https://santander.com.br/agronegocio/financiamentos-do-bndes/moderinfra
Não;https://santander.com.br/agronegocio/titulos-do-agronegocio/cdca
Não;https://santander.com.br/agronegocio/financiamentos-do-bndes/procap-agro
Não;https://santander.com.br/agronegocio/financiamentos-do-bndes/bndes-pca
Não;https://santander.com.br/agronegocio/agenda-de-feiras-e-eventos
Não;https://santander.com.br/agronegocio/credito-rural-comercializacao/aquisicao-de-materia-prima
Não;https://santander.com.br/agronegocio/financiamentos-do-bndes/bndes-abc
Não;https://santander.com.br/conv-agro-5-5
Não;https://santander.com.br/agronegocio/credito-rural/industrializacao
Não;https://santander.com.br/agronegocio/financiamentos-do-bndes/moderfrota
Não;https://santander.com.br/agronegocio/protecao-para-os-seus-negocios
Não;https://santander.com.br/agronegocio/para-negocios-internacionais
Não;https://santander.com.br/agronegocio/outros-financiamentos-e-emprestimos/cdc-agro
Não;https://santander.com.br/agronegocio/credito-rural-comercializacao/comercializacao-de-pescado
Sim;https://santander.com.br/agronegocio/financiamentos-do-bndes/pronamp
Não;https://santander.com.br/agronegocio/outros-financiamentos-e-emprestimos
Não;https://santander.com.br/agronegocio/credito-rural-custeio/custeio-agricola
Não;https://santander.com.br/agronegocio/protecao-para-os-seus-negocios/seguro-agricola-cafezal
Não;https://santander.com.br/agronegocio/solucoes-para-o-seu-negocio
Não;https://santander.com.br/agronegocio/credito-rural-comercializacao/fepm
Não;https://santander.com.br/atendimento-para-voce/boletos/renegociacao-de-dividas
Não;https://santander.com.br/atendimento-para-voce/boletos/emissao-boleto-por-email
Não;https://santander.com.br/tarifas-e-pacotes-pessoa-juridica
Não;https://santander.com.br/campanhas/itaborai
Não;https://santander.com.br/investimentos-e-previdencia/informacoes-de-investimentos/ofertas-de-fundos-select
Não;https://santander.com.br/sustentabilidade/clientes/atendimento-e-satisfacao-do-cliente
Não;https://santander.com.br/sustainability/customers/customer-satisfaction
Não;https://santander.com.br/sustainability/customer-satisfaction
Não;https://santander.com.br/sustentabilidade/funcionarios/etica-nas-relacoes
Não;https://santander.com.br/sustainability/employees/ethical-relations
Não;https://santander.com.br/campanhas/condicoesdigitaispj
Não;https://santander.com.br/campanhas/selic-perfil-agressivo
Não;https://santander.com.br/campanhas/selic-perfil-balanceado
Não;https://santander.com.br/campanhas/selic-perfil-conservador
Não;https://santander.com.br/campanhas/selic-perfil-arrojado
Não;https://santander.com.br/campanhas/selic-perfil-moderado
Não;https://santander.com.br/sustentabilidade/posicionamento/politicas
Não;https://santander.com.br/cartoes-santander/servicos-e-informacoes/cancelamento-de-compra
Não;https://santander.com.br/universidades/formacao
Não;https://santander.com.br/campanhas/sonhos-que-transformam
Não;https://santander.com.br/creditos-e-financiamentos-para-empresas/antecipacao-de-recebiveis/confirming
Não;https://santander.com.br/educacao-financeira/como-solicitar-a-abertura-da-sua-conta-corrente
Não;https://santander.com.br/educacao-financeira/vantagens-da-conta-corrente
Não;https://santander.com.br/universidades/carteira-mundial-do-estudante
Não;https://santander.com.br/seguros/seguro-viagem
Não;https://santander.com.br/creditos-e-financiamentos-para-empresas/antecipacao-de-recebiveis/desconto-de-cheques
Não;https://santander.com.br/agronegocio/credito-rural-comercializacao/estocagem
Não;https://santander.com.br/cartao-credito-santander/elite-platinum
Não;https://santander.com.br/seguros/como-avisar-sinistro
Não;https://santander.com.br/cartao-credito-santander
Não;https://santander.com.br/conta-pessoa-juridica
Não;https://santander.com.br/docs/cartaoaa-docs
Não;https://santander.com.br/campanhas/operacao-cartao-santander
Não;https://santander.com.br/creditos-e-financiamentos-para-empresas/financiamento-de-capital/capital-de-giro
Não;https://santander.com.br/campanhas/cenario-economico
Não;https://santander.com.br/campanhas/2020
Não;https://santander.com.br/sustentabilidade/noticias/santander-adere-ao-compromisso
Não;https://santander.com.br/cartao-credito-santander/smiles-gold
Não;https://santander.com.br/novas-regras-cheque-especial/quem-nao-recebe-salario-santander
Não;https://santander.com.br/novas-regras-cheque-especial/quem-recebe-salario-santander
Não;https://santander.com.br/novas-regras-cheque-especial/beneficiario-inss
Não;https://santander.com.br/novas-regras-cheque-especial/santander-duo
Não;https://santander.com.br/novas-regras-cheque-especial
Não;https://santander.com.br/cartao-credito-santander/smiles-platinum
Não;https://santander.com.br/cartao-credito-santander/smiles-infinite
Não;https://santander.com.br/campanhas/invista-e-ganhe
Não;https://santander.com.br/invista-2020
Sim;https://santander.com.br/comercio-exterior-e-cambio/exportacao/nota-de-credito-a-exportacao
Não;https://santander.com.br/comercio-exterior-e-cambio/exportacao/financiamento-a-exportacao-indireta
Não;https://santander.com.br/comercio-exterior-e-cambio/exportacao/carta-de-credito-de-exportacao
Não;https://santander.com.br/comercio-exterior-e-cambio/exportacao/pre-pagamento-de-exportacao
Não;https://santander.com.br/comercio-exterior-e-cambio/exportacao
Não;https://santander.com.br/comercio-exterior-e-cambio/importacao/financiamento-a-importacao-finimp-seguros-e-tributos
Não;https://santander.com.br/comercio-exterior-e-cambio/financiamentos-emprestimos/frn-fixed-float-rate-note
Não;https://santander.com.br/comercio-exterior-e-cambio/garantia-internacional/aval-de-saque-de-importacao-internacional
Não;https://santander.com.br/comercio-exterior-e-cambio/importacao/carta-de-credito-de-importacao
Não;https://santander.com.br/comercio-exterior-e-cambio/importacao/desconto-de-saque-de-importacao
Não;https://santander.com.br/comercio-exterior-e-cambio/financiamentos-emprestimos/off-shore-loan
Não;https://santander.com.br/comercio-exterior-e-cambio/garantia-internacional/garantia-bancaria-internacional
Não;https://santander.com.br/comercio-exterior-e-cambio/financiamentos-emprestimos/loan-4131
Não;https://santander.com.br/comercio-exterior-e-cambio/importacao
Não;https://santander.com.br/comercio-exterior-e-cambio/servicos-internacionais/sistema-pagamento-moeda-local
Não;https://santander.com.br/comercio-exterior-e-cambio/servicos-internacionais/ordem-de-pagamento-internacional
Não;https://santander.com.br/sustentabilidade/noticias/principios-responsabilidade-bancaria
Não;https://santander.com.br/comercio-exterior-e-cambio/servicos-internacionais/cobranca-documentaria
Não;https://santander.com.br/comercio-exterior-e-cambio/servicos-internacionais/conta-internacional
Não;https://santander.com.br/comercio-exterior-e-cambio/servicos-internacionais
Não;https://santander.com.br/cartao-credito-santander/unlimited-black
Não;https://santander.com.br/atendimento-para-voce/app-way
Não;https://santander.com.br/institucional-santander/seguranca
Não;https://santander.com.br/institucional-santander/seguranca/falso-contato-telefonico
Não;https://santander.com.br/institucional-santander/seguranca/email-sms-whatsapp-falsos
Não;https://santander.com.br/institucional-santander/seguranca/golpe-falso-motoboy
Não;https://santander.com.br/institucional-santander/seguranca/golpe-da-ajuda
Não;https://santander.com.br/institucional-santander/seguranca/golpe-da-troca
Não;https://santander.com.br/institucional-santander/seguranca/paginas-falsas
Não;https://santander.com.br/institucional-santander/seguranca/boletos-falsos
Não;https://santander.com.br/institucional-santander/seguranca/redes-sociais
Não;https://santander.com.br/conta-corrente-pessoa-fisica/servicos/santander-master
Não;https://santander.com.br/campanhas/vitoriadaconquista
Não;https://santander.com.br/institucional-santander/sala-de-imprensa
Não;https://santander.com.br/conta-corrente-pessoa-fisica/aposentados
Não;https://santander.com.br/sustentabilidade/amigo-de-valor/projetos
Não;https://santander.com.br/cc-aa-black
Não;https://santander.com.br/educacao-financeira/ano-novo
Não;https://santander.com.br/campanhas/rededor
Não;https://santander.com.br/creditos-e-financiamentos/para-voce/credito-com-imovel-como-garantia
Não;https://santander.com.br/universidades/app-santander-universitario
Não;https://santander.com.br/usecasa
Não;https://santander.com.br/cartao-credito-santander/free
Não;https://santander.com.br/
Não;https://santander.com.br/atendimento-empresas/santander-digital/aplicativo-empresas/
Não;https://santander.com.br
Sim;https://santander.com.br/lead/cc-unique-black
Não;https://santander.com.br/lead/cc-aa-gold
Não;https://santander.com.br/gestao-de-risco-financeiro/termo-de-moedas/
Não;https://santander.com.br/universidades/app-santander-universitario?ic=apps-santanderuniversitario
Não;https://santander.com.br/agencias
Não;https://santander.com.br/institucional-santander/
Não;https://santander.com.br/institucional-santander/trabalhe-conosco/
Não;https://santander.com.br/institucional-santander/seguranca/politica-de-privacidade/
Não;https://santander.com.br/institucional-santander/seguranca/
Não;https://santander.com.br/atendimento-para-voce/boletos/emissao-de-certificado-e-boleto/
Não;https://santander.com.br/cartoes-santander/solucoes-de-pagamento/super-credito/
Não;https://santander.com.br/atendimento-para-voce/boletos/emissao-2-via-boleto/
Não;https://santander.com.br/atendimento-para-voce/boletos/emissao-boleto-vencido/
Não;https://santander.com.br/servicos-financeiros/solucoes-de-pagamento/debito-direto-autorizado-dda/
Não;https://santander.com.br/cartoes/
Não;https://santander.com.br/analise-economica/weekly-macro-compass
Não;https://santander.com.br/institucional-santander/trabalhe-conosco/programa-de-mobilidade/
Não;https://santander.com.br/seguros/para-cartao/seguro-cartao-basico/
Não;https://santander.com.br/seguros/para-cartao/seguro-cartao-mais/
Não;https://santander.com.br/seguros/para-cartao/seguro-cartao-completo/
Não;https://santander.com.br/seguros/para-cartao/seguro-cartao-universitario/
Não;https://santander.com.br/atendimento-empresas/modelos-de-atendimento/agencias-especializadas-negocios-empresas/
Sim;https://santander.com.br/atendimento-empresas/modelos-de-atendimento/agencias-empresas/
Não;https://santander.com.br/atendimento-empresas/modelos-de-atendimento/nucleos-atendimento-empresas/
Não;https://santander.com.br/cartao-credito-santander?ic=header-cartoes
Não;https://santander.com.br/atendimento-empresas/santander-digital/portal-cash/
Não;https://santander.com.br/agencias/
Não;https://santander.com.br/cambio/moeda-estrangeira-em-especie/
Não;https://santander.com.br/cambio/ordem-de-pagamento/
Não;https://santander.com.br/form/portabilidade
Não;https://santander.com.br/creditos-e-financiamentos/para-voce/cdc-mobilidade
Não;https://santander.com.br/creditos-e-financiamentos/para-sua-casa
Não;https://santander.com.br/creditos-e-financiamentos/para-veiculos-e-maquinas
Não;https://santander.com.br/conta-corrente-pessoa-fisica/informacoes/cadastro-positivo/
Não;https://santander.com.br/gestao-de-risco-financeiro/opcoes/
Não;https://santander.com.br/gestao-de-risco-financeiro/swaps/
Não;https://santander.com.br/investimentos-e-previdencia/
Não;https://santander.com.br/investimentos-e-previdencia/informacoes-de-investimentos/como-avisar-sinistro/
Não;https://santander.com.br/investimentos-e-previdencia/aposentadoria
Não;https://santander.com.br/investimentos-e-previdencia/cdb-di/
Não;https://santander.com.br/investimentos-e-previdencia/aposentadoria/pgbl-e-vgbl/#
Não;https://santander.com.br/investimentos-e-previdencia/reserva-de-emergencia/cdb-di/
Não;https://santander.com.br/investimentos/planejamento-para-12-meses/cdb-di#condicoes
Não;https://santander.com.br/servicos-financeiros/solucoes-de-pagamento/
Não;https://santander.com.br/servicos-financeiros/solucoes-de-recebimento/
Não;https://santander.com.br/servicos-financeiros/solucoes-para-gestao-de-caixa/
Não;https://santander.com.br/atendimento-para-voce/atendimento-private/
Não;https://santander.com.br/institucional-santander/santander-no-brasil/
Não;https://santander.com.br/institucional-santander/governanca-corporativa/
Não;https://santander.com.br/cartoes-pessoa-juridica/
Não;https://santander.com.br/seguro-empresarial/seguro-vida-socio/
Não;https://santander.com.br/investimentos/
Não;https://santander.com.br/seguro-empresarial/para-funcionario/seguro-vida-empresa/
Não;https://santander.com.br/comercio-exterior-e-cambio/financiamentos-emprestimos/frn-fixed-float-rate-note/
Não;https://santander.com.br/comercio-exterior-e-cambio/financiamentos-emprestimos/off-shore-loan/
Não;https://santander.com.br/seguro-empresarial/para-emprestimo/seguro-capital-giro-protegido/
Não;https://santander.com.br/seguro-empresarial/para-funcionario/seguro-protecao-vida-em-grupo/
Não;https://santander.com.br/seguro-empresarial/para-emprestimo/
Não;https://santander.com.br/seguro-empresarial/para-funcionario/
Não;https://santander.com.br/conta-corrente-pessoa-fisica/servicos/santander-master/
Não;https://santander.com.br/conta-corrente-pessoa-fisica/servicos/contamax-pf/
Não;https://santander.com.br/conta-corrente-pessoa-fisica/informacoes/santander-portabilidade/
Não;https://santander.com.br/conta-corrente-pessoa-fisica/informacoes/sistema-de-informacao/
Não;https://santander.com.br/conta-corrente-pessoa-fisica/informacoes/encerramento-de-conta/
Não;https://santander.com.br/institucional-santander/cultura/memoria-institucional/
Não;https://santander.com.br/servicos-financeiros2
Não;https://santander.com.br/cartoes-santander/esfera/
Não;https://santander.com.br/cartoes-santander/santander-pass/
Não;https://santander.com.br/cartoes-santander/samsung-pay/
Não;https://santander.com.br/cartoes-santander/servicos-e-informacoes/
Não;https://santander.com.br/cartoes-santander/solucoes-de-pagamento/crediario/
Não;https://santander.com.br/cartoes-santander/solucoes-de-pagamento/parcelamento-de-fatura/
Não;https://santander.com.br/cartoes-santander/solucoes-de-pagamento/total-parcelado/
Não;https://santander.com.br/cartoes-santander/servicos-e-informacoes/pagamento-de-conta-no-cartao/
Não;https://santander.com.br/cartoes-santander/servicos-e-informacoes/cancelamento-de-compra/
Não;https://santander.com.br/cartoes-santander/servicos-e-informacoes/outros-servicos/
Não;https://santander.com.br/institucional-santander/santander-no-mundo/
Não;https://santander.com.br/institucional-santander/welcome-to-brazil/
Não;https://santander.com.br/institucional-santander/fornecedores/
Não;https://santander.com.br/institucional-santander/sala-de-imprensa/
Não;https://santander.com.br/institucional-santander/cultura/
Não;https://santander.com.br/assessoria-financeira-e-mercado-de-capitais/ofertas-publicas/ofertas-concluidas
Não;https://santander.com.br/lead/cc-free
Não;https://santander.com.br/lead/cc-123
Não;https://santander.com.br/lead/cc-play
Não;https://santander.com.br/lead/cc-elite-platinum
Não;https://santander.com.br/lead/cc-aa-black
Não;https://santander.com.br/lead/cc-aa-platinum
Não;https://santander.com.br/lead/cc-smiles-infinite
Não;https://santander.com.br/lead/cc-smiles-platinum
Não;https://santander.com.br/lead/cc-smiles-gold
Não;https://santander.com.br/cc-unlimited-black#como-contratar
Não;https://santander.com.br/lead/cc-dufry
Não;https://santander.com.br/lead/cc-oab
Sim;https://santander.com.br/lead/cartao-credito-santander/shell-internacional
Não;https://santander.com.br/demais-cartoes
Não;https://santander.com.br/saude/universitarios-medicina/
Não;https://santander.com.br/saude/medicos/
Não;https://santander.com.br/saude/clinicas-e-consultorios/
Não;https://santander.com.br/saude/hospitais-centros-de-diagnosticos-e-operadoras-de-saude/
Não;https://santander.com.br/sustentabilidade/sociedade/programa-escola-brasil
Não;https://santander.com.br/www.santandernet.com.br
Não;https://santander.com.br/comercio-exterior-e-cambio/exportacao/adiantamento-sobre-cambiais-e-contratos/
Não;https://santander.com.br/comercio-exterior-e-cambio/servicos-internacionais/cobranca-documentaria/
Não;https://santander.com.br/conversa/landings-seguro-vida-select1/passo2
Não;https://santander.com.br/conversa/landings-seguro-vida-select2/passo2
Não;https://santander.com.br/conversa/landings-seguro-vida-select3/passo2
Não;https://santander.com.br/conversa/landings-seguro-vida-vg1/passo2
Não;https://santander.com.br/conversa/landings-seguro-vida-vg2/passo2
Não;https://santander.com.br/conversa/landings-seguro-vida-vg3/passo2
Não;https://santander.com.br/creditos-e-financiamentos/para-veiculos-e-maquinas/financiamento-de-veiculos/
Não;https://santander.com.br/institucional-santander/seguranca-no-santander
Não;https://santander.com.br/institucional-santander/seguranca/sobre-o-uso-de-cookies/
Não;https://santander.com.br/conversa/conta/passo2
Não;https://santander.com.br/conta-corrente-pessoa-física/serviços/santander-master
Não;https://santander.com.br/conversa/universidades/passo1
Não;https://santander.com.br/sustentabilidade/noticias/
Não;https://santander.com.br/creditos-e-financiamentos/para-voce/cdc-socioambiental
Não;https://santander.com.br/creditos-e-financiamentos/para-veiculos-e-maquinas/consorcio-de-veiculos/
Não;https://santander.com.br/hotsite/radar/
Não;https://santander.com.br/servicos-financeiros/solucoes-de-pagamento/pagamento-a-fornecedores/
Não;https://santander.com.br/servicos-financeiros/solucoes-de-pagamento/recarga-de-telefones-pre-pagos/
Não;https://santander.com.br/educacao-financeira/como-comecar/planejar-e-organizar-contas
Não;https://santander.com.br/educacao-financeira/como-comecar/usar-produtos-financeiros-a-seu-favor
Não;https://santander.com.br/atendimento-para-voce/app-way?
Não;https://santander.com.br/seguros/
Não;https://santander.com.br/atendimento-para-voce/simuladores
Não;https://santander.com.br/sustainability/results-center
Não;https://santander.com.br/educacao-financeira/primeiras-conquistas
Não;https://santander.com.br/educacao-financeira/o-que-e
Não;https://santander.com.br/educacao-financeira/mulheres-nas-financas
Não;https://santander.com.br/educacao-financeira/preparando-os-filhos-para-a-vida
Não;https://santander.com.br/form/cambio-premiado
Não;https://santander.com.br/renegociacao/
Não;https://santander.com.br/renegociacao/chat/abandono
Não;https://santander.com.br/investimentos/produtos-corporate-e-global-corporate/lf#condicoes
Não;https://santander.com.br/investimentos/informacoes-de-investimentos/oferta-de-fundos-ne/
Não;https://santander.com.br/investimentos/informacoes-de-investimentos/oferta-de-fundos-corporate/
Não;https://santander.com.br/investimentos/informacoes-de-investimentos/oferta-de-fundos-gcb/
Não;https://santander.com.br/investimentos/informacoes-de-investimentos/oferta-de-fundos-governos/
Não;https://santander.com.br/investimentos/planejamento-para-12-meses/fundos-di#condicoes
Não;https://santander.com.br/investimentos/planejamento-de-longo-prazo/fundos-de-investimento-pj#condicoes
Não;https://santander.com.br/investimentos/planejamento-de-longo-prazo/coe
Não;https://santander.com.br/sustentabilidade/noticia/ganhando-forca-para-superar-os-maus-tratos
Não;https://santander.com.br/sustentabilidade/noticia/cuidados-que-podem-mudar-destinos
Não;https://santander.com.br/sustentabilidade/noticia/de-bem-com-a-familia-e-a-escola
Não;https://santander.com.br/sustentabilidade/noticia/cuidado-que-mudam-vidas
Não;https://santander.com.br/cartao-credito-santander/outros-cartoes
Não;https://santander.com.br/servicos-financeiros/solucoes-para-gestao-de-caixa/cash-balance/
Não;https://santander.com.br/servicos-financeiros/solucoes-para-gestao-de-caixa/extrato-eletronico/
Não;https://santander.com.br/servicos-financeiros/solucoes-para-gestao-de-caixa/cash-jud/
Não;https://santander.com.br/servicos-financeiros/solucoes-de-recebimento/debito-automatico/
Não;https://santander.com.br/servicos-financeiros/solucoes-de-recebimento/custodia-de-cheques/
Não;https://santander.com.br/servicos-financeiros/solucoes-de-recebimento/ordem-de-credito-por-teleprocessamento/
Não;https://santander.com.br/servicos-financeiros/solucoes-de-recebimento/recolhimento-de-valores/
Não;https://santander.com.br/servicos-financeiros/folha-de-pagamentos/pagamentos-de-salarios/
Sim;https://santander.com.br/cartoes-pessoa-juridica/cartoes-de-beneficios/
Não;https://santander.com.br/form/parceirosimobiliarios
Não;https://santander.com.br/cartoes-pessoa-juridica/gestao-de-negocios/cartao-santander-viagem/
Não;https://santander.com.br/cartoes-pessoa-juridica/gestao-de-negocios/cartao-santander-hotel/
Não;https://santander.com.br/cartoes-pessoa-juridica-descontinuados
Não;https://santander.com.br/cartoes-pessoa-juridica/gestao-de-negocios/cartao-santander-air-plus-corporate/
Não;https://santander.com.br/form/resgate-voucher
Não;https://santander.com.br/conversa/agronegocio/passo2
Não;https://santander.com.br/seguros/seguro-viagem/como-contratar%20
Não;https://santander.com.br/conta-empresarial/documentos-necessarios
Não;https://santander.com.br/investimentos-e-previdencia/aposentadoria/pgbl-e-vgbl/
Não;https://santander.com.br/conversa/landings-seguro-vida-select1/landings-seguro-vida-select1-2-valor-98-56
Não;https://santander.com.br/conversa/landings-seguro-vida-select1/landings-seguro-vida-select1-3-valor-116-73
Não;https://santander.com.br/conversa/landings-seguro-vida-select1/landings-seguro-vida-select1-4-valor-189-75
Não;https://santander.com.br/conversa/landings-seguro-vida-select1/landings-seguro-vida-select1-5-valor-265-27
Não;https://santander.com.br/conversa/landings-seguro-vida-select1/landings-seguro-vida-select1-6-valor-406-83
Não;https://santander.com.br/conversa/landings-seguro-vida-select1/landings-seguro-vida-select1-7-valor-515-67
Não;https://santander.com.br/conversa/landings-seguro-vida-select1/landings-seguro-vida-select1-8-valor-762-89
Não;https://santander.com.br/conversa/landings-seguro-vida-select2/landings-seguro-vida-select2-2-valor-178-42
Não;https://santander.com.br/conversa/landings-seguro-vida-select2/landings-seguro-vida-select2-3-valor-211-02
Não;https://santander.com.br/conversa/landings-seguro-vida-select2/landings-seguro-vida-select2-4-valor-343-39
Não;https://santander.com.br/conversa/landings-seguro-vida-select2/landings-seguro-vida-select2-5-valor-478-68
Não;https://santander.com.br/conversa/landings-seguro-vida-select2/landings-seguro-vida-select2-6-valor-734-34
Não;https://santander.com.br/conversa/landings-seguro-vida-select2/landings-seguro-vida-select2-7-valor-929-33
Não;https://santander.com.br/conversa/landings-seguro-vida-select2/landings-seguro-vida-select2-8-valor-1375-53
Não;https://santander.com.br/conversa/landings-seguro-vida-select3/landings-seguro-vida-select3-2-valor-266-27
Não;https://santander.com.br/conversa/landings-seguro-vida-select3/landings-seguro-vida-select3-3-valor-314-78
Não;https://santander.com.br/conversa/landings-seguro-vida-select3/landings-seguro-vida-select3-4-valor-512-42
Não;https://santander.com.br/conversa/landings-seguro-vida-select3/landings-seguro-vida-select3-5-valor-713-60
Não;https://santander.com.br/conversa/landings-seguro-vida-select3/landings-seguro-vida-select3-6-valor-1094-85
Não;https://santander.com.br/conversa/landings-seguro-vida-select3/landings-seguro-vida-select3-7-valor-1384-81
Não;https://santander.com.br/conversa/landings-seguro-vida-select3/landings-seguro-vida-select3-8-valor-2050-02
Não;https://santander.com.br/conversa/landings-seguro-vida-vg1/landings-seguro-vida-vg1-2-valor-65-90
Não;https://santander.com.br/conversa/landings-seguro-vida-vg1/landings-seguro-vida-vg1-3-valor-77-04
Não;https://santander.com.br/conversa/landings-seguro-vida-vg1/landings-seguro-vida-vg1-4-valor-111-89
Não;https://santander.com.br/conversa/landings-seguro-vida-vg1/landings-seguro-vida-vg1-5-valor-156-31
Não;https://santander.com.br/conversa/landings-seguro-vida-vg1/landings-seguro-vida-vg1-6-valor-241-01
Não;https://santander.com.br/conversa/landings-seguro-vida-vg1/landings-seguro-vida-vg1-7-valor-325-36
Não;https://santander.com.br/conversa/landings-seguro-vida-vg1/landings-seguro-vida-vg1-8-valor-455-51
Não;https://santander.com.br/conversa/landings-seguro-vida-vg2/landings-seguro-vida-vg2-2-valor-136-68
Não;https://santander.com.br/conversa/landings-seguro-vida-vg2/landings-seguro-vida-vg2-3-valor-167-05
Não;https://santander.com.br/conversa/landings-seguro-vida-vg2/landings-seguro-vida-vg2-4-valor-242-72
Não;https://santander.com.br/conversa/landings-seguro-vida-vg2/landings-seguro-vida-vg2-5-valor-338-68
Não;https://santander.com.br/conversa/landings-seguro-vida-vg2/landings-seguro-vida-vg2-6-valor-522-26
Não;https://santander.com.br/conversa/landings-seguro-vida-vg2/landings-seguro-vida-vg2-7-valor-704-62
Não;https://santander.com.br/conversa/landings-seguro-vida-vg2/landings-seguro-vida-vg2-8-valor-986-65
Não;https://santander.com.br/conversa/landings-seguro-vida-vg3/landings-seguro-vida-vg3-2-valor-188-00
Não;https://santander.com.br/conversa/landings-seguro-vida-vg3/landings-seguro-vida-vg3-3-valor-229-91
Não;https://santander.com.br/conversa/landings-seguro-vida-vg3/landings-seguro-vida-vg3-4-valor-333-90
Não;https://santander.com.br/conversa/landings-seguro-vida-vg3/landings-seguro-vida-vg3-5-valor-466-45
Não;https://santander.com.br/conversa/landings-seguro-vida-vg3/landings-seguro-vida-vg3-6-valor-719-21
Não;https://santander.com.br/conversa/landings-seguro-vida-vg3/landings-seguro-vida-vg3-7-valor-970-93
Não;https://santander.com.br/conversa/landings-seguro-vida-vg3/landings-seguro-vida-vg3-8-valor-1348-76
Não;https://santander.com.br/conversa/agronegocio22/agro2-2-alcancar-objetivos
Não;https://santander.com.br/conversa/agronegocio24/agro4-3-alcancar-objetivos
Não;https://santander.com.br/conversa/agronegocio25/agro5-4-alcancar-objetivos
Não;https://santander.com.br/conversa/agronegocio22/agro2-5-qual-sua-prioridade
Não;https://santander.com.br/conversa/agronegocio22/agro2-6-fluxo-caixa
Não;https://santander.com.br/conversa/agronegocio22/agro2-7-facilitar-dia-a-dia
Não;https://santander.com.br/conversa/agronegocio25/agro5-10-qual-sua-prioridade
Não;https://santander.com.br/conversa/agronegocio25/agro5-11-fluxo-caixa
Não;https://santander.com.br/conversa/agronegocio23/agro3-12-ramo-negocio
Não;https://santander.com.br/conversa/agronegocio23/agro3-13-antecipar-receitas
Não;https://santander.com.br/conversa/agronegocio23/agro3-14-voce-crescer
Não;https://santander.com.br/conversa/agronegocio22/agro2-15-voce-crescer
Não;https://santander.com.br/conversa/agronegocio26/agro6-19-antecipar-receitas
